Script,Emissions (kg CO2)
process_data.py,0.026543237432830984
plot_data.py,1.3488534059766827e-05
top_character.py,3.6411469264640202e-06
